<?xml version="1.0" encoding="UTF-8"?>
<!DOCTYPE mapper PUBLIC "-//mybatis.org//DTD Mapper 3.0//EN" 
  "http://mybatis.org/dtd/mybatis-3-mapper.dtd">
  
<mapper namespace="support.Dao">

    <resultMap type="com.woongjin.support.vo.FileInfoVo" id="selectMap">
        <result property = "fileId" column="FILE_ID"/>    
        <result property = "orgFileName" column="ORG_FILE_NAME"/>
        <result property = "contentType" column="CONTENT_TYPE"/>
        <result property = "fileSize" column="FILE_SIZE"/>
        <result property = "filePath" column="FILE_PATH"/>
        <result property = "registDate" column="REGIST_DATE"/>
        <result property = "registerId" column="REGISTER_ID"/>
    </resultMap>
  
 <sql id = "columnList">
     FILE_ID,
     ORG_FILE_NAME,
     CONTENT_TYPE,
     FILE_SIZE,
     FILE_PATH,
     REGISTER_ID
 </sql> 
  
<!-- 셀렉트 리스트 -->
    <select id = "selectList"  resultMap = "selectMap">
          SELECT
             <include refid="columnList"/>
          FROM FILE_INFO    
          ORDER BY FILE_ID
    </select>
 
<select id = "selectListCount" resultType="int">
        SELECT
            <include refid="columnList"/>
        FROM FILE_INFO    
</select> 
 
<!-- 값 한개 셀렉트 -->    
    <select id = "select" parameterType="java.lang.String" resultMap = "selectMap" >
          SELECT
              <include refid="columnList"/>
          FROM FILE_INFO 
          WHERE FILE_ID = #{value}    
    </select>

<!-- 인서트 -->    
     <insert id = "insert" parameterType="com.woongjin.support.vo.FileInfoVo" > 
          INSERT INTO FILE_INFO(
             <include refid="columnList"/>, REGIST_DATE
          )VALUE(
              #{fileId},#{orgFileName}, #{contentType}, #{fileSize}, #{filePath}, #{registerId}, NOW()
          )
          
         
    </insert>
    

    

 
   <delete id = "delete" parameterType="java.lang.String" >
          DELETE FROM FILE_INFO WHERE FILE_ID = #{fileId}
    </delete>
</mapper>