<?xml version="1.0" encoding="UTF-8"?>
<!DOCTYPE mapper PUBLIC "-//mybatis.org//DTD Mapper 3.0//EN" "http://mybatis.org/dtd/mybatis-3-mapper.dtd">
  
<mapper namespace="board.guestbookDao">

  
     <sql id="columnList">
     GUEST_BOOK_ID,
     TITLE,
     CONTENT,
     PASSWORD,
     REGISTER_NAME,
     REGIST_DATE,
     UPDATER_NAME,
     UPDATE_DATE
     </sql> 
 
<!-- 셀렉트 리스트 -->

    <select id="selectList"  parameterType="com.woongjin.board.search.GuestBookSearch" resultType="com.woongjin.board.vo.GuestBookVo">
          SELECT
               <include refid="columnList"/>
          FROM GUEST_BOOK    
          
    </select>
 
	<select id="selectListCount" parameterType="com.woongjin.board.search.GuestBookSearch"  resultType="int">
	        SELECT
	            COUNT(*)
	        FROM GUEST_BOOK    
	</select> 
 
<!-- 값 한개 셀렉트 -->    
    <select id="select" parameterType="java.lang.String" resultType="com.woongjin.board.vo.GuestBookVo" >
          SELECT
                <include refid="columnList"/>
          FROM GUEST_BOOK
          WHERE GUEST_BOOK_ID = #{value}    
    </select>

<!-- 인서트 -->    
     <insert id="insert" parameterType="com.woongjin.board.vo.GuestBookVo" >
          INSERT INTO GUEST_BOOK(
                 <include refid="columnList"/>
          )VALUE(
              #{GUEST_BOOK_ID},#{TITLE},#{CONTENT},#{PASSWORD},#{REGISTER_NAME},NOW(),#{UPDATER_NAME},NOW()
          )
    </insert>
    
 <!-- 업데이트 -->   
    <update id="update" parameterType="com.woongjin.board.vo.GuestBookVo" >
 		UPDATE GUEST_BOOK SET
            GUEST_BOOK_ID = #{GUEST_BOOK_ID},
			TITLE = #{TITLE},
			CONTENT = #{CONTENT},
			PASSWORD = #{PASSWORD},
			REGISTER_NAME = #{REGISTER_NAME},
			REGIST_DATE = NOW(),
			UPDATER_NAME = #{UPDATER_NAME},
			UPDATE_DATE = NOW()   
		WHERE GUEST_BOOK_ID = #{GUEST_BOOK_ID}   
    </update> 
   
 
   <delete id="delete" parameterType="com.woongjin.board.vo.GuestBookVo" >
          DELETE FROM GUEST_BOOK WHERE GUEST_BOOK_ID = #{GUEST_BOOK_ID}
    </delete>
</mapper>