<?xml version="1.0" encoding="UTF-8"?>

<beans xmlns="http://www.springframework.org/schema/beans" xmlns:xsi="http://www.w3.org/2001/XMLSchema-instance"
	xmlns:mvc="http://www.springframework.org/schema/mvc" xmlns:context="http://www.springframework.org/schema/context"
	xsi:schemaLocation="http://www.springframework.org/schema/mvc http://www.springframework.org/schema/mvc/spring-mvc.xsd
		http://www.springframework.org/schema/beans http://www.springframework.org/schema/beans/spring-beans.xsd
		http://www.springframework.org/schema/context http://www.springframework.org/schema/context/spring-context.xsd">

    <!-- Uncomment and your base-package here:
         <context:component-scan
            base-package="org.springframework.samples.web"/>  -->

   <context:component-scan
            base-package="com.woongjin"/>

   <context:property-placeholder
            location="classpath*:conf/*.properties"/>
     <!-- conf 아래애 프로퍼티에 있는 경로를 자바파일에서 가져올건데 value 어노테이션으로 가져와서 사용 할 수 있다. -->
     
     
   <!--홈컨트롤러의 리퀘스트 매핑 찾음 -->
   
   	<bean class="org.springframework.web.servlet.view.UrlBasedViewResolver">
	    <property name="viewClass" value = "org.springframework.web.servlet.view.tiles3.TilesView"/>
	    <property name="order" value="1"/>
	     
	</bean>
	 
	<bean id="tilesviewResolver" class="org.springframework.web.servlet.view.tiles3.TilesViewResolver" />
	
	<bean id="tilesConfigurer" class="org.springframework.web.servlet.view.tiles3.TilesConfigurer">
	    <property name ="definitions">
	       <list>
	         <value>/WEB-INF/tiles/tiles*</value>
	       </list>
	    </property>
	</bean>
   
   
   
   
   <!-- @ 에너테이션 다 찾음  -->
    <mvc:annotation-driven />  

	<bean class="org.springframework.web.servlet.view.InternalResourceViewResolver">
	        <!-- Example: a logical view name of 'showMessage' is mapped to '/WEB-INF/jsp/showMessage.jsp' -->
	        <property name="prefix" value="/WEB-INF/view/"/>
	        <property name="suffix" value=".jsp"/>
	        <property name="order" value="2"/>
	  </bean>
	
	

	
    <bean id = "jsonView" class = "net.sf.json.spring.web.servlet.view.JsonView">
    
        <property name = "contentType" value = "text/html; charset=UTF-8" />
    </bean>
</beans>
